OrderID,DishID,Quantity
75,1,2
216,2,2
225,3,1
273,4,2
429,5,1
463,6,3
108,7,3
114,8,1
134,9,1
145,7,2
372,10,2
392,11,3
395,11,2
453,10,3
51,12,3
62,13,1
98,14,1
150,14,2
192,15,3
207,16,1
208,14,1
5,17,3
81,17,2
99,18,1
125,17,3
346,19,1
354,20,3
402,21,3
447,21,2
454,22,3
70,23,1
157,24,2
253,25,3
255,26,1
333,27,2
334,28,2
389,29,2
148,30,2
374,31,2
477,32,2
488,32,2
73,33,1
190,34,3
277,35,1
424,36,3
165,6,2
295,3,1
306,6,2
483,37,1
343,9,3
362,38,1
12,13,1
271,39,1
312,12,1
428,16,1
480,39,2
191,40,2
344,41,1
370,42,3
17,43,1
29,44,3
132,45,2
19,46,3
163,31,3
212,47,2
252,48,3
332,49,1
345,50,3
137,33,3
147,51,2
175,52,1
217,53,3
244,36,3
256,51,2
278,54,1
299,36,2
331,54,2
400,55,3
385,56,2
259,57,3
353,58,3
378,9,2
404,9,3
23,15,2
77,59,3
421,60,2
9,18,2
352,61,1
365,62,2
419,40,3
53,63,3
270,24,1
88,31,1
348,64,2
411,47,1
484,64,1
487,65,3
115,54,3
230,54,3
366,55,3
8,56,1
27,2,3
314,1,1
54,66,1
435,11,1
97,67,2
142,68,2
202,39,1
211,69,1
298,70,2
382,69,1
387,39,3
399,60,1
57,17,3
78,20,1
90,21,3
102,17,1
151,40,1
158,61,2
367,71,3
209,25,1
361,72,2
493,73,3
116,32,1
199,31,2
257,74,1
274,31,3
280,49,1
290,74,2
443,65,3
11,51,3
61,75,1
76,76,2
140,53,1
233,34,3
262,54,2
267,77,1
474,54,3
149,4,2
184,5,2
198,78,3
215,5,1
223,79,1
307,37,3
219,80,2
350,58,3
425,80,2
431,81,3
461,82,1
286,83,2
336,12,2
360,68,2
96,84,1
458,19,2
58,25,2
79,44,3
205,29,1
44,85,2
327,65,1
423,74,3
66,36,2
359,53,3
248,86,3
269,37,3
398,87,3
408,78,3
468,56,3
48,8,2
371,81,3
87,16,2
156,14,1
171,60,3
218,15,2
118,88,2
276,84,3
450,21,1
476,22,1
35,23,3
105,29,2
228,29,2
251,72,3
426,43,3
56,64,1
93,50,2
394,48,1
407,89,2
496,65,2
1,77,3
45,35,1
231,90,3
3,3,1
21,1,1
52,91,1
422,56,1
94,81,3
393,57,2
401,66,1
432,58,1
30,59,1
41,15,2
104,59,2
130,68,2
226,14,2
328,13,2
358,60,2
187,41,1
224,17,1
247,84,2
322,40,1
403,19,2
49,73,3
63,45,1
112,44,2
162,29,2
485,63,2
71,48,2
103,30,2
111,85,3
384,92,2
466,92,1
83,55,2
264,90,1
133,4,3
283,1,3
342,78,3
409,37,3
189,9,1
357,66,2
410,93,2
153,14,3
310,94,3
340,83,2
396,39,1
479,69,3
492,14,2
136,22,1
287,40,3
302,19,1
303,84,1
319,20,1
25,45,3
55,95,1
221,73,2
236,73,1
465,72,1
475,27,2
117,49,3
179,50,1
144,34,1
146,36,2
176,33,2
239,75,3
254,52,1
308,96,1
457,33,2
186,1,1
234,97,2
436,87,2
444,2,3
470,86,2
500,79,1
131,98,1
172,7,3
210,80,2
337,66,3
438,11,1
107,39,2
305,13,3
446,99,2
478,13,3
43,22,2
173,22,3
214,17,2
335,42,3
185,27,3
246,95,3
282,95,1
300,72,1
383,73,3
241,100,1
242,48,1
291,31,2
309,49,1
349,49,2
363,100,2
154,53,2
232,52,1
427,55,3
124,87,1
222,37,1
397,6,2
456,1,2
462,79,3
16,98,2
68,38,3
229,11,1
294,9,2
120,39,1
28,61,1
50,41,2
65,71,3
237,22,1
390,101,3
36,26,2
292,29,1
368,23,2
437,28,1
26,47,3
128,32,1
296,100,2
413,100,3
449,47,3
101,36,3
183,96,1
196,54,3
325,33,2
472,54,1
22,86,1
193,6,1
235,5,1
33,66,3
60,11,1
129,9,3
166,102,3
377,38,2
405,10,3
499,82,3
311,12,2
355,69,2
373,16,2
391,69,1
418,99,1
84,19,1
121,71,1
182,88,3
206,40,2
317,18,1
6,27,3
38,63,2
64,103,2
95,73,1
109,25,3
316,73,3
364,28,2
430,25,2
34,49,1
263,31,2
313,31,1
434,85,1
24,104,3
86,35,2
178,96,3
245,36,3
268,54,3
455,36,2
489,90,1
7,1,2
20,5,1
152,105,2
169,1,1
406,1,2
330,93,2
339,102,1
351,102,2
381,11,2
490,58,1
91,60,1
417,39,2
141,40,2
155,17,2
275,62,2
10,28,1
47,26,3
113,103,3
123,44,1
126,45,1
135,73,3
177,27,2
220,72,1
321,95,3
347,63,1
412,72,1
37,49,3
42,85,3
89,31,3
261,85,1
459,32,3
39,34,3
200,86,1
258,91,2
375,37,2
380,56,3
464,2,1
138,82,3
180,38,2
204,11,2
442,82,2
127,39,2
445,83,3
451,60,2
4,40,2
15,19,2
159,41,1
170,19,1
323,101,3
106,25,2
110,43,1
227,23,3
250,25,1
281,95,1
285,25,3
341,73,1
388,63,2
59,89,1
72,30,2
92,85,3
188,48,3
338,50,3
420,85,1
168,33,1
174,53,3
213,54,1
320,75,3
369,96,3
376,96,1
416,77,2
473,96,2
13,1,1
266,78,3
288,3,1
315,105,1
329,87,2
448,56,3
82,7,2
100,80,1
497,102,1
139,94,2
181,69,1
297,59,3
414,13,3
272,41,2
326,101,3
415,40,2
460,22,2
471,88,3
481,84,1
491,61,3
143,95,3
238,95,2
243,103,2
433,45,2
40,85,1
161,47,2
164,30,2
197,48,3
318,65,1
386,47,1
467,31,3
486,92,2
32,96,3
69,33,2
289,52,3
14,78,3
122,78,3
167,5,1
279,97,2
324,5,3
194,82,2
201,98,1
379,66,1
469,58,3
498,66,3
119,69,1
301,39,3
452,99,2
495,69,3
2,101,1
31,42,3
74,21,3
160,61,3
195,17,3
441,19,1
46,95,2
240,103,1
249,95,2
260,63,1
439,43,1
494,63,3
18,32,1
85,85,2
203,48,1
265,64,1
284,30,3
67,75,2
80,77,1
293,96,3
304,77,2
356,75,3
440,55,3
482,96,2
